[Header],,,
LocalRunManagerAnalysisId,16016,,
Date,8/8/2019,,
ExperimentName,CRISPRScreen,,
Workflow,GenerateFastQWorkflow,,
Description,Autogeneratedsamplesheet.UsedbyworkflowmoduletokickoffIsisanalysis,,
Chemistry,Amplicon,,
,,,
[Reads],,,
50,,,
,,,
,,,
[Data],,,
Sample_ID,Sample_Name,index,I7_Index_ID
1-KN-A,1-KN-A,TTGAACCG,i701
2-LY-A,2-LY-A,AATCCAGC,i702
3-LY-A-10,3-LY-A-10,CCGAGTTA,i703
4-LY-A-100,4-LY-A-100,AACTGTTA,i704
5-KN1_d4A,5-KN1_d4A,TTGAGTAT,i705
6-KN1-SL3,6-KN1-SL3,TTCTCAGC,i706
7-KN1-RSV79,7-KN1-RSV79,CCTCCAAT,i707
8-KN2-SL3-30,8-KN2-SL3-30,TTAGACTA,i708
9-KN2-SL3-6,9-KN2-SL3-6,GGTCACCG,i709
10-KN2-D4A-30,10-KN2-D4A-30,CCTCTGTA,i710
11-KN2-D4A-6,11-KN2-D4A-6,TTGACAAT,i711
12-KN2-RSV79,12-KN2-RSV79,AAGACATA,i712
13-LY1-Myr,13-LY1-Myr,AATCCAAT,i713
14-LY1-D4A,14-LY1-D4A,CCGAGTAT,i714
15-LY1-RSV10,15-LY1-RSV10,TTCTCATA,i715
16-LY1-RSV100,16-LY1-RSV100,AACTGTGC,i716
17-LY2-Myr,17-LY2-Myr,AATCCACG,i717
18-LY2-D4A,18-LY2-D4A,TTCTACTA,i718
19-LY2-RSV10,19-LY2-RSV10,AATCGTGC,i719
20-LY2-RSV100,20-LY2-RSV100,GGCTACCG,i720
